<?xml version="1.0" encoding="UTF-8"?>
<project-private xmlns="http://www.netbeans.org/ns/project-private/1">
    <editor-bookmarks xmlns="http://www.netbeans.org/ns/editor-bookmarks/2" lastBookmarkId="0"/>
    <open-files xmlns="http://www.netbeans.org/ns/projectui-open-files/2">
        <group>
            <file>file:/C:/Users/User/OneDrive/Documents/NetBeansProjects/PengelolaWisataSamarinda/src/view/Registrasi.java</file>
            <file>file:/C:/Users/User/OneDrive/Documents/NetBeansProjects/PengelolaWisataSamarinda/src/model/DatabaseModel.java</file>
            <file>file:/C:/Users/User/OneDrive/Documents/NetBeansProjects/PengelolaWisataSamarinda/src/view/HomePengunjung.java</file>
            <file>file:/C:/Users/User/OneDrive/Documents/NetBeansProjects/PengelolaWisataSamarinda/src/model/Pengunjung.java</file>
            <file>file:/C:/Users/User/OneDrive/Documents/NetBeansProjects/PengelolaWisataSamarinda/src/controller/DestinasiController.java</file>
            <file>file:/C:/Users/User/OneDrive/Documents/NetBeansProjects/PengelolaWisataSamarinda/src/controller/RatingUlasanController.java</file>
            <file>file:/C:/Users/User/OneDrive/Documents/NetBeansProjects/PengelolaWisataSamarinda/src/view/MenuAdmin.java</file>
            <file>file:/C:/Users/User/OneDrive/Documents/NetBeansProjects/PengelolaWisataSamarinda/src/view/MenuPengunjung.java</file>
            <file>file:/C:/Users/User/OneDrive/Documents/NetBeansProjects/PengelolaWisataSamarinda/src/view/Login.java</file>
            <file>file:/C:/Users/User/OneDrive/Documents/NetBeansProjects/PengelolaWisataSamarinda/src/controller/UserController.java</file>
            <file>file:/C:/Users/User/OneDrive/Documents/NetBeansProjects/PengelolaWisataSamarinda/src/model/UserModel.java</file>
            <file>file:/C:/Users/User/OneDrive/Documents/NetBeansProjects/PengelolaWisataSamarinda/src/view/HomeAdmin.java</file>
            <file>file:/C:/Users/User/OneDrive/Documents/NetBeansProjects/PengelolaWisataSamarinda/src/model/Admin.java</file>
            <file>file:/C:/Users/User/OneDrive/Documents/NetBeansProjects/PengelolaWisataSamarinda/src/view/MainHome.java</file>
        </group>
    </open-files>
</project-private>
